SRR,AAC(6')-Isa,AcrF,AxyY,Bifidobacterium adolescentis rpoB mutants conferring resistance to rifampicin,Bifidobacterium bifidum ileS conferring resistance to mupirocin,HelR,MexF,MexI,MuxB,MuxC,Nocardia farcinica rox,Pseudomonas aeruginosa CpxR,Streptomyces lividans cmlR,Streptomyces venezuelae rox,amrB,ceoB,rphA,rpoB2,smeB,tlrC,vanR gene in vanO cluster,vanS gene in vanO cluster,AAC(3)-VIIIa,ACT-53,ADC-202,ALG11-1,BCL-1,FAR-1,MexK,amrA,arnA,gimA,novA,rphB,AST-1,BJP-1,DHT2-1,mexN,vanO,AAC(3)-IIIb,ALG6-1,H-NS,MexB,PEN-A1,PEN-A10,ParS,TriC,arr-1,iri,mexX,rgt1438,smeR,23S rRNA (adenine(2058)-N(6))-methyltransferase Erm(A),AAC(6')-Ib7,ANT(6)-Ia,ANT(6)-Ib,ANT(9)-Ia,APH(3'')-Ib,APH(6)-Id,CARB-8,ErmF,EstT,FosK,IND-17,LnuH,MexW,OXA-276,OXA-300,OXA-347,OXA-670,PEDO-2,SAT-2,aadA,aadA27,aadA5,aadA9,aadS,cfrE,cmx,dfrL,fexA,floR,lnuA,lnuB,lnuD,lnuG,lsaE,mef(B),mel,poxtA,qacEdelta1,smeD,spd,sul1,sul2,tet(31),tet(33),tet(36),tet(40),tet(44),tet(A),tet(H),tet(M),tet(O/M/O),tet(Q),tet(S),tet(T),tet(W),tet(W/N/W),tet(X6),tet(Z),tetA(P),tetB(P),vanR gene in vanI cluster,vanS gene in vanA cluster,SAT-4,YajC,cdeA,erm(56),linG,mecI,mef(H),mphB,mphO,smeE,tet(G),tet(L),tet(O),tet(W/32/O),tet(X),AAC(6')-Ip,APH(3')-Ia,Bacillus pumilus cat86,EreD,ErmQ,LnuP,Mef(En2),OXA-114s,OpmD,PDC-450,RAD-1,aadA6,acrB,cmlA9,efpA,mef(C),mfpA,mgtA,tet(32),tet(X3),AAC(3)-IVa,AAC(6')-Ie-APH(2'')-Ia bifunctional protein,AAC(6')-Im,ADC-19,ANT(4')-Ia,APH(2'')-IIIa,APH(2'')-IIa,APH(3')-IIIa,BMHC-1,CepA-44,CfxA4,Erm(33),Erm(35),Erm(47),ErmA,ErmB,ErmC,ErmG,ErmT,QnrD1,Streptococcus suis chloramphenicol acetyltransferase,TUS-1,aad(6),aadA13,aadA7,cfrC,dfrD,lmrB,lnuC,lsaC,mphE,msr(G),qacG,tet(O/W),tet(O/W/32/O),tet(Y),vanR gene in vanG cluster,vgaC,vgaE,APH(6)-Ia,lmrC,putative nickel/cobalt transporter,ErmV,OprJ,oleC,oqxB,AAC(6')-It,ANT(9)-Ib,CARB-52,CfxA6,IND-1,WUS-1,aadA8,adeA,catQ,cfrA,efrA,lsaD,tet(K),tet(O/32/O),vatH,vga(E) Staphylococcus cohnii,CfxA,DfrA36,Enterococcus faecium chloramphenicol acetyltransferase,Erm(43),ErmY,OXA-293,OXA-786,OXA-999,aadA14,lsaB,mef(F),mphM,tva(A),vanR gene in vanA cluster,label
SRR12619551,1.0,4.0,5.0,48.0,8.0,26.0,15.0,7.0,12.0,5.0,6.0,4.0,1.0,3.0,11.0,15.0,9.0,73.0,7.0,16.0,17.0,12.0,0.0,0.0,0.0,0.0,0.0,0.0,0.0,0.0,0.0,0.0,0.0,0.0,0.0,0.0,0.0,0.0,0.0,0.0,0.0,0.0,0.0,0.0,0.0,0.0,0.0,0.0,0.0,0.0,0.0,0.0,0.0,0.0,0.0,0.0,0.0,0.0,0.0,0.0,0.0,0.0,0.0,0.0,0.0,0.0,0.0,0.0,0.0,0.0,0.0,0.0,0.0,0.0,0.0,0.0,0.0,0.0,0.0,0.0,0.0,0.0,0.0,0.0,0.0,0.0,0.0,0.0,0.0,0.0,0.0,0.0,0.0,0.0,0.0,0.0,0.0,0.0,0.0,0.0,0.0,0.0,0.0,0.0,0.0,0.0,0.0,0.0,0.0,0.0,0.0,0.0,0.0,0.0,0.0,0.0,0.0,0.0,0.0,0.0,0.0,0.0,0.0,0.0,0.0,0.0,0.0,0.0,0.0,0.0,0.0,0.0,0.0,0.0,0.0,0.0,0.0,0.0,0.0,0.0,0.0,0.0,0.0,0.0,0.0,0.0,0.0,0.0,0.0,0.0,0.0,0.0,0.0,0.0,0.0,0.0,0.0,0.0,0.0,0.0,0.0,0.0,0.0,0.0,0.0,0.0,0.0,0.0,0.0,0.0,0.0,0.0,0.0,0.0,0.0,0.0,0.0,0.0,0.0,0.0,0.0,0.0,0.0,0.0,0.0,0.0,0.0,0.0,0.0,0.0,0.0,0.0,0.0,0.0,0.0,0.0,0.0,0.0,0.0,0.0,0.0,0.0,0.0,0.0,0.0,0.0,0.0,0.0,0.0,0.0,0.0,0.0,0.0,0.0,0.0,0.0,0.0,0.0,0.0,0.0,0.0,0.0,0.0,0.0,0.0,0.0,soil
SRR12619552,0.0,0.0,0.0,36.0,5.0,10.0,0.0,0.0,14.0,6.0,0.0,0.0,0.0,4.0,0.0,13.0,13.0,47.0,0.0,0.0,12.0,0.0,1.0,2.0,2.0,1.0,2.0,3.0,7.0,4.0,2.0,4.0,9.0,3.0,0.0,0.0,0.0,0.0,0.0,0.0,0.0,0.0,0.0,0.0,0.0,0.0,0.0,0.0,0.0,0.0,0.0,0.0,0.0,0.0,0.0,0.0,0.0,0.0,0.0,0.0,0.0,0.0,0.0,0.0,0.0,0.0,0.0,0.0,0.0,0.0,0.0,0.0,0.0,0.0,0.0,0.0,0.0,0.0,0.0,0.0,0.0,0.0,0.0,0.0,0.0,0.0,0.0,0.0,0.0,0.0,0.0,0.0,0.0,0.0,0.0,0.0,0.0,0.0,0.0,0.0,0.0,0.0,0.0,0.0,0.0,0.0,0.0,0.0,0.0,0.0,0.0,0.0,0.0,0.0,0.0,0.0,0.0,0.0,0.0,0.0,0.0,0.0,0.0,0.0,0.0,0.0,0.0,0.0,0.0,0.0,0.0,0.0,0.0,0.0,0.0,0.0,0.0,0.0,0.0,0.0,0.0,0.0,0.0,0.0,0.0,0.0,0.0,0.0,0.0,0.0,0.0,0.0,0.0,0.0,0.0,0.0,0.0,0.0,0.0,0.0,0.0,0.0,0.0,0.0,0.0,0.0,0.0,0.0,0.0,0.0,0.0,0.0,0.0,0.0,0.0,0.0,0.0,0.0,0.0,0.0,0.0,0.0,0.0,0.0,0.0,0.0,0.0,0.0,0.0,0.0,0.0,0.0,0.0,0.0,0.0,0.0,0.0,0.0,0.0,0.0,0.0,0.0,0.0,0.0,0.0,0.0,0.0,0.0,0.0,0.0,0.0,0.0,0.0,0.0,0.0,0.0,0.0,0.0,0.0,0.0,0.0,0.0,0.0,0.0,0.0,0.0,soil
SRR12619553,0.0,0.0,0.0,49.0,7.0,16.0,0.0,0.0,6.0,6.0,0.0,0.0,0.0,0.0,0.0,12.0,14.0,50.0,6.0,0.0,8.0,0.0,0.0,0.0,0.0,0.0,0.0,0.0,0.0,0.0,1.0,0.0,0.0,0.0,3.0,3.0,2.0,4.0,3.0,0.0,0.0,0.0,0.0,0.0,0.0,0.0,0.0,0.0,0.0,0.0,0.0,0.0,0.0,0.0,0.0,0.0,0.0,0.0,0.0,0.0,0.0,0.0,0.0,0.0,0.0,0.0,0.0,0.0,0.0,0.0,0.0,0.0,0.0,0.0,0.0,0.0,0.0,0.0,0.0,0.0,0.0,0.0,0.0,0.0,0.0,0.0,0.0,0.0,0.0,0.0,0.0,0.0,0.0,0.0,0.0,0.0,0.0,0.0,0.0,0.0,0.0,0.0,0.0,0.0,0.0,0.0,0.0,0.0,0.0,0.0,0.0,0.0,0.0,0.0,0.0,0.0,0.0,0.0,0.0,0.0,0.0,0.0,0.0,0.0,0.0,0.0,0.0,0.0,0.0,0.0,0.0,0.0,0.0,0.0,0.0,0.0,0.0,0.0,0.0,0.0,0.0,0.0,0.0,0.0,0.0,0.0,0.0,0.0,0.0,0.0,0.0,0.0,0.0,0.0,0.0,0.0,0.0,0.0,0.0,0.0,0.0,0.0,0.0,0.0,0.0,0.0,0.0,0.0,0.0,0.0,0.0,0.0,0.0,0.0,0.0,0.0,0.0,0.0,0.0,0.0,0.0,0.0,0.0,0.0,0.0,0.0,0.0,0.0,0.0,0.0,0.0,0.0,0.0,0.0,0.0,0.0,0.0,0.0,0.0,0.0,0.0,0.0,0.0,0.0,0.0,0.0,0.0,0.0,0.0,0.0,0.0,0.0,0.0,0.0,0.0,0.0,0.0,0.0,0.0,0.0,0.0,0.0,0.0,0.0,0.0,0.0,soil
SRR12619554,0.0,0.0,0.0,69.0,9.0,22.0,4.0,3.0,11.0,0.0,0.0,0.0,0.0,6.0,0.0,14.0,11.0,66.0,0.0,0.0,18.0,0.0,0.0,0.0,0.0,0.0,0.0,0.0,6.0,0.0,0.0,0.0,0.0,0.0,0.0,0.0,0.0,0.0,0.0,2.0,2.0,1.0,3.0,2.0,3.0,2.0,2.0,2.0,1.0,3.0,3.0,7.0,0.0,0.0,0.0,0.0,0.0,0.0,0.0,0.0,0.0,0.0,0.0,0.0,0.0,0.0,0.0,0.0,0.0,0.0,0.0,0.0,0.0,0.0,0.0,0.0,0.0,0.0,0.0,0.0,0.0,0.0,0.0,0.0,0.0,0.0,0.0,0.0,0.0,0.0,0.0,0.0,0.0,0.0,0.0,0.0,0.0,0.0,0.0,0.0,0.0,0.0,0.0,0.0,0.0,0.0,0.0,0.0,0.0,0.0,0.0,0.0,0.0,0.0,0.0,0.0,0.0,0.0,0.0,0.0,0.0,0.0,0.0,0.0,0.0,0.0,0.0,0.0,0.0,0.0,0.0,0.0,0.0,0.0,0.0,0.0,0.0,0.0,0.0,0.0,0.0,0.0,0.0,0.0,0.0,0.0,0.0,0.0,0.0,0.0,0.0,0.0,0.0,0.0,0.0,0.0,0.0,0.0,0.0,0.0,0.0,0.0,0.0,0.0,0.0,0.0,0.0,0.0,0.0,0.0,0.0,0.0,0.0,0.0,0.0,0.0,0.0,0.0,0.0,0.0,0.0,0.0,0.0,0.0,0.0,0.0,0.0,0.0,0.0,0.0,0.0,0.0,0.0,0.0,0.0,0.0,0.0,0.0,0.0,0.0,0.0,0.0,0.0,0.0,0.0,0.0,0.0,0.0,0.0,0.0,0.0,0.0,0.0,0.0,0.0,0.0,0.0,0.0,0.0,0.0,0.0,0.0,0.0,0.0,0.0,0.0,soil
SRR12619555,0.0,0.0,0.0,51.0,40.0,0.0,0.0,0.0,0.0,0.0,0.0,0.0,0.0,0.0,0.0,0.0,0.0,67.0,0.0,0.0,0.0,0.0,0.0,0.0,0.0,0.0,0.0,0.0,4.0,0.0,0.0,0.0,0.0,0.0,0.0,0.0,0.0,0.0,0.0,0.0,0.0,0.0,0.0,0.0,0.0,0.0,0.0,0.0,0.0,0.0,0.0,0.0,3.0,6.0,8.0,3.0,5.0,4.0,2.0,1.0,4.0,16.0,2.0,1.0,26.0,5.0,1.0,1.0,2.0,1.0,1.0,2.0,3.0,2.0,1.0,3.0,3.0,1.0,7.0,2.0,2.0,4.0,7.0,18.0,7.0,12.0,13.0,8.0,7.0,7.0,1.0,1.0,2.0,10.0,19.0,2.0,4.0,36.0,2.0,8.0,4.0,4.0,94.0,7.0,28.0,2.0,46.0,22.0,4.0,5.0,22.0,6.0,7.0,2.0,1.0,0.0,0.0,0.0,0.0,0.0,0.0,0.0,0.0,0.0,0.0,0.0,0.0,0.0,0.0,0.0,0.0,0.0,0.0,0.0,0.0,0.0,0.0,0.0,0.0,0.0,0.0,0.0,0.0,0.0,0.0,0.0,0.0,0.0,0.0,0.0,0.0,0.0,0.0,0.0,0.0,0.0,0.0,0.0,0.0,0.0,0.0,0.0,0.0,0.0,0.0,0.0,0.0,0.0,0.0,0.0,0.0,0.0,0.0,0.0,0.0,0.0,0.0,0.0,0.0,0.0,0.0,0.0,0.0,0.0,0.0,0.0,0.0,0.0,0.0,0.0,0.0,0.0,0.0,0.0,0.0,0.0,0.0,0.0,0.0,0.0,0.0,0.0,0.0,0.0,0.0,0.0,0.0,0.0,0.0,0.0,0.0,0.0,0.0,0.0,0.0,0.0,0.0,0.0,0.0,0.0,0.0,0.0,0.0,0.0,0.0,0.0,manure
SRR12619556,2.0,0.0,0.0,58.0,30.0,0.0,1.0,0.0,7.0,0.0,0.0,0.0,0.0,0.0,0.0,0.0,0.0,99.0,0.0,0.0,0.0,0.0,0.0,0.0,0.0,0.0,0.0,0.0,0.0,0.0,0.0,0.0,0.0,0.0,2.0,0.0,0.0,0.0,0.0,0.0,0.0,0.0,0.0,0.0,0.0,0.0,0.0,0.0,0.0,0.0,0.0,0.0,0.0,0.0,17.0,0.0,2.0,3.0,1.0,0.0,5.0,24.0,0.0,0.0,5.0,9.0,0.0,0.0,0.0,0.0,0.0,0.0,3.0,0.0,0.0,2.0,4.0,0.0,36.0,1.0,0.0,0.0,4.0,6.0,3.0,8.0,3.0,2.0,10.0,0.0,4.0,0.0,0.0,12.0,6.0,2.0,4.0,35.0,0.0,6.0,0.0,0.0,80.0,11.0,19.0,2.0,52.0,27.0,0.0,2.0,33.0,0.0,0.0,3.0,0.0,1.0,2.0,1.0,2.0,2.0,1.0,1.0,6.0,4.0,4.0,2.0,6.0,2.0,2.0,2.0,0.0,0.0,0.0,0.0,0.0,0.0,0.0,0.0,0.0,0.0,0.0,0.0,0.0,0.0,0.0,0.0,0.0,0.0,0.0,0.0,0.0,0.0,0.0,0.0,0.0,0.0,0.0,0.0,0.0,0.0,0.0,0.0,0.0,0.0,0.0,0.0,0.0,0.0,0.0,0.0,0.0,0.0,0.0,0.0,0.0,0.0,0.0,0.0,0.0,0.0,0.0,0.0,0.0,0.0,0.0,0.0,0.0,0.0,0.0,0.0,0.0,0.0,0.0,0.0,0.0,0.0,0.0,0.0,0.0,0.0,0.0,0.0,0.0,0.0,0.0,0.0,0.0,0.0,0.0,0.0,0.0,0.0,0.0,0.0,0.0,0.0,0.0,0.0,0.0,0.0,0.0,0.0,0.0,0.0,0.0,0.0,manure
SRR12619557,0.0,0.0,0.0,53.0,34.0,0.0,0.0,0.0,0.0,0.0,0.0,0.0,0.0,2.0,0.0,0.0,0.0,80.0,0.0,0.0,0.0,0.0,0.0,0.0,0.0,0.0,0.0,3.0,3.0,0.0,0.0,0.0,0.0,0.0,0.0,0.0,0.0,0.0,0.0,0.0,0.0,0.0,0.0,0.0,0.0,0.0,0.0,0.0,0.0,0.0,0.0,0.0,0.0,3.0,10.0,0.0,0.0,4.0,5.0,0.0,3.0,14.0,2.0,0.0,29.0,6.0,0.0,0.0,0.0,0.0,0.0,2.0,7.0,0.0,2.0,2.0,7.0,4.0,25.0,0.0,0.0,3.0,17.0,7.0,3.0,3.0,12.0,6.0,12.0,0.0,2.0,4.0,0.0,13.0,13.0,0.0,3.0,52.0,0.0,2.0,2.0,2.0,109.0,0.0,25.0,0.0,43.0,17.0,0.0,3.0,15.0,4.0,5.0,0.0,0.0,0.0,0.0,0.0,0.0,0.0,1.0,0.0,0.0,0.0,5.0,4.0,0.0,5.0,0.0,0.0,1.0,2.0,1.0,2.0,2.0,1.0,2.0,2.0,3.0,1.0,2.0,6.0,1.0,2.0,1.0,2.0,2.0,1.0,1.0,1.0,0.0,0.0,0.0,0.0,0.0,0.0,0.0,0.0,0.0,0.0,0.0,0.0,0.0,0.0,0.0,0.0,0.0,0.0,0.0,0.0,0.0,0.0,0.0,0.0,0.0,0.0,0.0,0.0,0.0,0.0,0.0,0.0,0.0,0.0,0.0,0.0,0.0,0.0,0.0,0.0,0.0,0.0,0.0,0.0,0.0,0.0,0.0,0.0,0.0,0.0,0.0,0.0,0.0,0.0,0.0,0.0,0.0,0.0,0.0,0.0,0.0,0.0,0.0,0.0,0.0,0.0,0.0,0.0,0.0,0.0,0.0,0.0,0.0,0.0,0.0,0.0,manure
SRR12619558,0.0,0.0,0.0,0.0,0.0,0.0,0.0,0.0,0.0,0.0,0.0,0.0,0.0,0.0,0.0,0.0,0.0,0.0,0.0,0.0,0.0,0.0,0.0,0.0,0.0,0.0,0.0,0.0,0.0,0.0,0.0,0.0,0.0,0.0,0.0,0.0,0.0,0.0,0.0,0.0,0.0,0.0,0.0,0.0,0.0,0.0,0.0,0.0,0.0,0.0,0.0,0.0,10.0,0.0,31.0,28.0,2.0,4.0,0.0,0.0,8.0,48.0,0.0,0.0,8.0,0.0,0.0,0.0,2.0,0.0,0.0,0.0,5.0,0.0,2.0,0.0,5.0,6.0,0.0,0.0,0.0,0.0,2.0,26.0,1.0,23.0,70.0,3.0,11.0,3.0,0.0,0.0,0.0,4.0,4.0,0.0,4.0,97.0,15.0,57.0,0.0,23.0,195.0,30.0,87.0,4.0,131.0,29.0,13.0,0.0,0.0,27.0,6.0,0.0,0.0,8.0,0.0,0.0,0.0,3.0,0.0,0.0,9.0,0.0,0.0,0.0,4.0,8.0,0.0,2.0,0.0,2.0,0.0,0.0,6.0,2.0,0.0,0.0,0.0,0.0,0.0,0.0,0.0,0.0,0.0,0.0,0.0,0.0,3.0,0.0,1.0,2.0,1.0,1.0,20.0,2.0,4.0,18.0,1.0,1.0,6.0,16.0,14.0,15.0,2.0,23.0,17.0,4.0,2.0,2.0,1.0,1.0,13.0,2.0,1.0,7.0,4.0,2.0,10.0,1.0,2.0,3.0,2.0,8.0,7.0,6.0,4.0,21.0,10.0,0.0,0.0,0.0,0.0,0.0,0.0,0.0,0.0,0.0,0.0,0.0,0.0,0.0,0.0,0.0,0.0,0.0,0.0,0.0,0.0,0.0,0.0,0.0,0.0,0.0,0.0,0.0,0.0,0.0,0.0,0.0,0.0,0.0,0.0,0.0,0.0,0.0,manure
SRR12619559,0.0,0.0,0.0,40.0,11.0,9.0,10.0,0.0,12.0,0.0,0.0,0.0,0.0,3.0,0.0,8.0,24.0,51.0,0.0,0.0,15.0,6.0,0.0,0.0,0.0,0.0,0.0,0.0,5.0,0.0,0.0,0.0,0.0,0.0,0.0,0.0,0.0,0.0,0.0,0.0,0.0,0.0,0.0,0.0,0.0,0.0,0.0,0.0,0.0,0.0,0.0,0.0,0.0,0.0,0.0,0.0,0.0,0.0,0.0,0.0,0.0,0.0,0.0,0.0,0.0,0.0,0.0,0.0,0.0,0.0,0.0,0.0,0.0,0.0,0.0,0.0,0.0,0.0,0.0,0.0,0.0,0.0,0.0,0.0,0.0,0.0,0.0,0.0,0.0,0.0,0.0,0.0,0.0,0.0,0.0,0.0,0.0,0.0,0.0,0.0,0.0,0.0,0.0,0.0,0.0,0.0,0.0,0.0,0.0,0.0,0.0,0.0,0.0,0.0,0.0,0.0,0.0,0.0,0.0,0.0,0.0,0.0,0.0,0.0,0.0,0.0,0.0,0.0,0.0,0.0,0.0,0.0,0.0,0.0,0.0,0.0,0.0,0.0,0.0,0.0,0.0,0.0,0.0,0.0,0.0,0.0,0.0,0.0,0.0,0.0,0.0,0.0,0.0,0.0,0.0,0.0,0.0,0.0,0.0,0.0,0.0,0.0,0.0,0.0,0.0,0.0,0.0,0.0,0.0,0.0,0.0,0.0,0.0,0.0,0.0,0.0,0.0,0.0,0.0,0.0,0.0,0.0,0.0,0.0,0.0,0.0,0.0,0.0,0.0,2.0,1.0,1.0,0.0,0.0,0.0,0.0,0.0,0.0,0.0,0.0,0.0,0.0,0.0,0.0,0.0,0.0,0.0,0.0,0.0,0.0,0.0,0.0,0.0,0.0,0.0,0.0,0.0,0.0,0.0,0.0,0.0,0.0,0.0,0.0,0.0,0.0,soil
SRR12619560,0.0,0.0,0.0,35.0,0.0,20.0,0.0,0.0,22.0,12.0,0.0,0.0,0.0,6.0,12.0,12.0,14.0,58.0,0.0,0.0,17.0,4.0,0.0,0.0,0.0,0.0,0.0,0.0,0.0,0.0,0.0,0.0,10.0,0.0,0.0,0.0,0.0,0.0,0.0,0.0,0.0,0.0,0.0,0.0,0.0,0.0,6.0,0.0,0.0,0.0,0.0,0.0,0.0,0.0,0.0,0.0,0.0,0.0,0.0,0.0,0.0,0.0,0.0,0.0,0.0,0.0,0.0,0.0,0.0,0.0,0.0,0.0,0.0,0.0,0.0,0.0,0.0,0.0,0.0,0.0,0.0,0.0,0.0,0.0,0.0,0.0,0.0,0.0,0.0,0.0,0.0,0.0,0.0,0.0,0.0,0.0,0.0,0.0,0.0,0.0,0.0,0.0,0.0,0.0,0.0,0.0,0.0,0.0,0.0,0.0,0.0,0.0,0.0,0.0,0.0,0.0,0.0,0.0,0.0,0.0,0.0,0.0,0.0,0.0,0.0,0.0,0.0,0.0,0.0,0.0,0.0,0.0,0.0,0.0,0.0,0.0,0.0,0.0,0.0,0.0,0.0,0.0,0.0,0.0,0.0,0.0,0.0,2.0,0.0,0.0,0.0,0.0,0.0,0.0,0.0,0.0,0.0,0.0,0.0,0.0,0.0,0.0,0.0,0.0,0.0,0.0,0.0,0.0,0.0,0.0,0.0,0.0,0.0,0.0,0.0,0.0,0.0,0.0,0.0,0.0,0.0,0.0,0.0,0.0,0.0,0.0,0.0,0.0,0.0,0.0,0.0,0.0,2.0,3.0,40.0,3.0,0.0,0.0,0.0,0.0,0.0,0.0,0.0,0.0,0.0,0.0,0.0,0.0,0.0,0.0,0.0,0.0,0.0,0.0,0.0,0.0,0.0,0.0,0.0,0.0,0.0,0.0,0.0,0.0,0.0,0.0,soil
SRR12619561,0.0,0.0,0.0,2.0,0.0,0.0,0.0,0.0,0.0,0.0,0.0,0.0,0.0,0.0,0.0,0.0,0.0,2.0,0.0,0.0,0.0,0.0,0.0,0.0,0.0,0.0,0.0,0.0,0.0,0.0,0.0,0.0,0.0,0.0,0.0,0.0,0.0,0.0,0.0,0.0,0.0,0.0,0.0,0.0,0.0,0.0,0.0,0.0,0.0,0.0,0.0,0.0,29.0,0.0,15.0,20.0,0.0,8.0,2.0,0.0,14.0,48.0,0.0,1.0,14.0,0.0,0.0,0.0,2.0,0.0,0.0,1.0,6.0,0.0,0.0,1.0,3.0,15.0,0.0,0.0,0.0,0.0,12.0,48.0,0.0,24.0,56.0,3.0,24.0,0.0,3.0,0.0,0.0,1.0,10.0,8.0,2.0,83.0,5.0,74.0,0.0,17.0,204.0,18.0,68.0,6.0,191.0,28.0,7.0,4.0,0.0,19.0,6.0,0.0,0.0,6.0,0.0,0.0,0.0,4.0,0.0,0.0,20.0,0.0,0.0,0.0,5.0,38.0,0.0,1.0,0.0,2.0,0.0,6.0,6.0,5.0,0.0,0.0,0.0,0.0,0.0,0.0,0.0,0.0,0.0,0.0,0.0,0.0,0.0,0.0,3.0,0.0,2.0,0.0,12.0,4.0,0.0,22.0,0.0,0.0,0.0,16.0,14.0,16.0,3.0,22.0,29.0,2.0,0.0,0.0,0.0,0.0,7.0,0.0,0.0,4.0,1.0,0.0,15.0,2.0,0.0,0.0,0.0,0.0,0.0,0.0,0.0,13.0,8.0,0.0,0.0,0.0,0.0,0.0,0.0,0.0,1.0,4.0,1.0,1.0,1.0,1.0,2.0,1.0,1.0,2.0,2.0,1.0,2.0,2.0,1.0,2.0,0.0,0.0,0.0,0.0,0.0,0.0,0.0,0.0,0.0,0.0,0.0,0.0,0.0,0.0,manure
SRR12619562,0.0,0.0,0.0,0.0,0.0,0.0,0.0,0.0,0.0,0.0,0.0,0.0,0.0,0.0,0.0,0.0,0.0,0.0,0.0,0.0,0.0,0.0,0.0,0.0,0.0,0.0,0.0,0.0,0.0,0.0,0.0,0.0,0.0,0.0,0.0,0.0,0.0,0.0,0.0,0.0,0.0,0.0,0.0,0.0,0.0,0.0,0.0,0.0,0.0,0.0,0.0,0.0,16.0,0.0,23.0,22.0,5.0,4.0,4.0,0.0,8.0,41.0,0.0,1.0,11.0,0.0,0.0,0.0,8.0,0.0,0.0,0.0,0.0,0.0,0.0,0.0,4.0,2.0,0.0,0.0,0.0,0.0,9.0,45.0,0.0,15.0,55.0,8.0,19.0,0.0,0.0,0.0,0.0,0.0,3.0,6.0,0.0,97.0,20.0,47.0,0.0,16.0,203.0,49.0,63.0,0.0,160.0,32.0,9.0,7.0,2.0,22.0,2.0,0.0,0.0,12.0,0.0,0.0,0.0,0.0,2.0,0.0,4.0,0.0,0.0,0.0,10.0,16.0,3.0,0.0,0.0,1.0,0.0,0.0,4.0,12.0,5.0,0.0,0.0,0.0,0.0,0.0,0.0,0.0,0.0,0.0,0.0,0.0,0.0,2.0,0.0,0.0,0.0,0.0,16.0,10.0,0.0,21.0,0.0,0.0,0.0,23.0,18.0,7.0,2.0,20.0,8.0,2.0,10.0,0.0,0.0,0.0,6.0,0.0,0.0,12.0,2.0,0.0,18.0,0.0,0.0,0.0,0.0,0.0,0.0,0.0,0.0,17.0,7.0,0.0,0.0,0.0,0.0,0.0,0.0,0.0,0.0,4.0,0.0,0.0,0.0,1.0,0.0,0.0,0.0,0.0,0.0,0.0,0.0,0.0,0.0,5.0,11.0,1.0,2.0,1.0,7.0,2.0,1.0,1.0,2.0,2.0,2.0,3.0,4.0,1.0,manure
